Surname, Name, Home Number, Work Number, Mobile Number
0,202,3,,
0,165,2,,
0,154,2,,
0,151,2,,
0,164,2,,
0,183,2,Monday,7:00
0,162,2,,
0,163,2,,
0,161,2,,
0,160,2,,
0,159,2,,
0,158,2,,
0,156,2,,
0,193,0,,
0,195,3,,
0,166,2,,
0,167,1,,
0,168,1,,
0,180,3,,
0,153,2,,
0,184,2,Monday,7:00
0,179,1,,
0,178,1,,
0,176,1,,
0,152,2,,
0,174,1,,
0,175,1,,
0,173,1,,
0,172,1,,
0,170,1,,
0,169,1,,
0,177,1,,
2,187,3,Monday,7:00
16,203,3,,
21,204,2,,
23,188,3,Monday,7:00
26,189,3,Monday,7:00
26,206,3,Monday,7:00
30,208,3,Monday,7:00
31,196,3,,
31,201,3,,
31,190,3,Monday,7:00
32,199,3,,
32,200,3,,
32,186,3,Monday,7:00
32,194,3,,
32,192,3,,
32,197,3,,
34,198,3,,
34,148,3,Monday,7:00
34,150,4,Monday,
34,191,4,Monday,
34,207,3,Monday,7:00
